{
  "packages/types/src/common.ts": 1778231207.4786901,
  "packages/types/src/index.ts": 1778231205.5461283,
  "packages/types/src/user.ts": 1778231206.4311328,
  "apps/web/postcss.config.mjs": 1778231178.259564,
  "apps/web/next-env.d.ts": 1778231413.959118,
  "apps/web/tailwind.config.ts": 1778238129.6064887,
  "apps/web/next.config.ts": 1778479869.1850042,
  "apps/web/app/layout.tsx": 1778512227.717052,
  "apps/web/app/page.tsx": 1778236648.894957,
  "apps/web/app/providers.tsx": 1778231643.3545196,
  "apps/web/app/projects/_views.tsx": 1778516768.4455712,
  "apps/web/app/projects/loading.tsx": 1778481230.0815625,
  "apps/web/app/projects/page.tsx": 1778493103.4820626,
  "apps/web/app/projects/my-tasks/page.tsx": 1778493115.939105,
  "apps/web/app/projects/my-work/page.tsx": 1778493114.7479835,
  "apps/web/app/projects/assigned/page.tsx": 1778493117.3344889,
  "apps/web/app/projects/overview/page.tsx": 1778493114.6834614,
  "apps/web/app/projects/[id]/loading.tsx": 1778499328.5305638,
  "apps/web/app/projects/[id]/page.tsx": 1778518067.212652,
  "apps/web/app/dashboard/loading.tsx": 1778479846.0126963,
  "apps/web/app/dashboard/page.tsx": 1778512170.625992,
  "apps/web/app/(auth)/verify/page.tsx": 1778479769.0122702,
  "apps/web/app/(auth)/signup/page.tsx": 1778480662.9425173,
  "apps/web/app/(auth)/login/page.tsx": 1778512537.353008,
  "apps/web/components/ProjectsListSidebar.tsx": 1778516727.8957713,
  "apps/web/components/RichEditor.tsx": 1778491872.677628,
  "apps/web/components/OGSidebar.tsx": 1778512512.9410892,
  "apps/web/components/auth/shared.tsx": 1778470635.468916,
  "apps/web/lib/api.ts": 1778516587.0778985,
  "apps/web/lib/projectStore.ts": 1778517903.3065383,
  "apps/api/src/main.ts": 1778231198.149809,
  "apps/api/src/app.service.ts": 1778231201.3055067,
  "apps/api/src/app.module.ts": 1778516553.3064888,
  "apps/api/src/app.controller.ts": 1778231200.4260027,
  "apps/api/src/redis/redis.module.ts": 1778242175.4773672,
  "apps/api/src/redis/redis.service.ts": 1778255714.74418,
  "apps/api/src/auth/auth.controller.ts": 1778242223.7362475,
  "apps/api/src/auth/auth.service.ts": 1778494175.1539319,
  "apps/api/src/auth/auth.module.ts": 1778242225.6602163,
  "apps/api/src/auth/dto/login.dto.ts": 1778242195.0617392,
  "apps/api/src/auth/dto/verify-otp.dto.ts": 1778242195.7579124,
  "apps/api/src/auth/dto/resend-otp.dto.ts": 1778242198.2217112,
  "apps/api/src/auth/dto/signup.dto.ts": 1778242193.8801055,
  "apps/api/src/auth/strategies/jwt.strategy.ts": 1778242203.0470064,
  "apps/api/src/auth/guards/jwt-auth.guard.ts": 1778242203.8760095,
  "apps/api/src/mail/mail.module.ts": 1778242190.5826352,
  "apps/api/src/mail/mail.service.ts": 1778493875.1214886,
  "apps/api/src/projects/projects.controller.ts": 1778516546.022917,
  "apps/api/src/projects/projects.service.ts": 1778516532.8475966,
  "apps/api/src/projects/projects.module.ts": 1778516548.9868171,
  "apps/api/src/projects/dto/sprint.dto.ts": 1778516500.6488004,
  "apps/api/src/projects/dto/item.dto.ts": 1778516505.6952245,
  "apps/api/src/projects/dto/project.dto.ts": 1778516494.9688644,
  "apps/api/src/prisma/prisma.service.ts": 1778242169.3306673,
  "apps/api/src/prisma/prisma.module.ts": 1778242170.2625544,
  "projects-ui-audit.md": 1778501368.8698337
}